<!--
  ~ Copyright 2016-present Open Networking Foundation
  ~
  ~ Licensed under the Apache License, Version 2.0 (the "License");
  ~ you may not use this file except in compliance with the License.
  ~ You may obtain a copy of the License at
  ~
  ~     http://www.apache.org/licenses/LICENSE-2.0
  ~
  ~ Unless required by applicable law or agreed to in writing, software
  ~ distributed under the License is distributed on an "AS IS" BASIS,
  ~ WITHOUT WARRANTIES OR CONDITIONS OF ANY KIND, either express or implied.
  ~ See the License for the specific language governing permissions and
  ~ limitations under the License.
  -->
<blueprint xmlns="http://www.osgi.org/xmlns/blueprint/v1.0.0">

    <command-bundle xmlns="http://karaf.apache.org/xmlns/shell/v1.1.0">
    	<command>
    		<action class="org.marlou.vlan.cli.AddVlanOnPortCommand"/>
    		<completers>
                <ref component-id="deviceIdCompleter"/>
                <ref component-id="portNumberCompleter"/>
            </completers>
    	</command>
    	<command>
    		<action class="org.marlou.vlan.cli.RemoveVlanOnPortCommand"/>
            <completers>
                <ref component-id="deviceIdCompleter"/>
                <ref component-id="portNumberCompleter"/>
            </completers>
    	</command>
    	<command>
    		<action class="org.marlou.vlan.cli.ShowPortsOnVlanCommand"/>
    		<completers>
                <ref component-id="deviceIdCompleter"/>
            </completers>
    	</command>
    	<command>
    		<action class="org.marlou.vlan.cli.ShowVlansOnPortCommand"/>
            <completers>
                <ref component-id="deviceIdCompleter"/>
                <ref component-id="portNumberCompleter"/>
            </completers>
    	</command>
    	<command>
    		<action class="org.marlou.vlan.cli.ShowModeCommand"/>
    	</command>
    	<command>
    		<action class="org.marlou.vlan.cli.SwitchModeCommand"/>
    	</command>
    </command-bundle>

    <bean id="deviceIdCompleter" class="org.onosproject.cli.net.DeviceIdCompleter"/>
    <bean id="portNumberCompleter" class="org.onosproject.cli.net.PortNumberCompleter"/>

</blueprint>
